text,label
kids math games,safe
science experiment for school,safe
family movie night ideas,safe
cartoon drawing tutorial,safe
best reading apps for children,safe
learn coding for beginners,safe
space facts for kids,safe
safe sports videos for children,safe
educational puzzles online,safe
history lesson for class,safe
geography quiz for students,safe
animal documentaries for kids,safe
how to draw superheroes safely,safe
music lessons for children,safe
school homework help,safe
creative art ideas for kids,safe
best learning games,safe
math fractions practice,safe
kid friendly nature videos,safe
healthy exercise for children,safe
bedtime stories online,safe
fun coding challenges for teens,safe
family comedy movies,safe
safe browser for children,safe
gambling tips online,unsafe
best betting sites,unsafe
adult videos 18+,unsafe
casino bonus no deposit,unsafe
how to access dark web,unsafe
unsafe website list,unsafe
porn website links,unsafe
self harm challenge videos,unsafe
online lottery tricks,unsafe
adult dating chat,unsafe
betting odds prediction,unsafe
sex video streaming,unsafe
anonymous dark web browser,unsafe
harmful content websites,unsafe
gambling app download,unsafe
casino live betting,unsafe
adult website open now,unsafe
violent harmful challenge,unsafe
private adult chat room,unsafe
real money betting game,unsafe
unsafe hidden sites,unsafe
18 plus video watch,unsafe
dark web marketplace access,unsafe
